4545,Rope Cursor,30,18,1,0,2622,0
4545,Rope Cursor,30,18,1,1,8407,1
4545,Rope Cursor,30,18,1,2,2048,0
4545,Rope Cursor,30,18,1,3,2155,0
4545,Rope Cursor,30,18,1,4,1331,0
4545,Rope Cursor,30,18,1,5,4878,0
4545,Rope Cursor,30,18,1,6,1366,0
4545,Rope Cursor,30,18,1,7,2189,1
4545,Rope Cursor,30,18,1,8,1197,0
4545,Rope Cursor,30,18,1,9,1099,0
4545,Rope Cursor,30,18,1,10,1210,0
4545,Rope Cursor,30,18,1,11,1267,0
4545,Rope Cursor,30,18,1,12,1415,0
4545,Rope Cursor,30,18,1,13,1951,0
4545,Rope Cursor,30,18,1,14,1520,0
4545,Rope Cursor,30,18,1,15,1423,0
4547,Normal Cursor,90,6,1,0,5665,0
Anonyme,Normal Cursor,30,12,1,0,2454,0
111,Rope Cursor,30,18,1,0,1421,0
111,Rope Cursor,30,18,1,1,1295,0
111,Rope Cursor,30,18,1,2,1079,0
111,Rope Cursor,30,18,1,3,1063,0
111,Rope Cursor,30,18,1,4,1218,0
111,Rope Cursor,30,18,1,5,2290,0
111,Rope Cursor,30,18,1,6,1120,0
111,Rope Cursor,30,18,1,7,1148,0
111,Rope Cursor,30,18,1,8,1268,0
111,Rope Cursor,30,18,1,9,874,0
111,Rope Cursor,30,18,1,10,1014,0
111,Rope Cursor,30,18,1,11,1021,0
111,Rope Cursor,30,18,1,12,896,0
111,Rope Cursor,30,18,1,13,789,0
111,Rope Cursor,30,18,1,14,987,0
111,Rope Cursor,30,18,1,15,823,0
111,Normal Cursor,90,6,1,0,1941,0
111,Normal Cursor,90,6,1,1,1537,0
111,Normal Cursor,90,6,1,2,2500,0
111,Normal Cursor,90,6,1,3,1756,0
111,Normal Cursor,90,6,1,4,2789,0
111,Normal Cursor,90,6,1,5,4312,0
111,Normal Cursor,90,6,1,6,4354,0
111,Normal Cursor,90,6,1,7,3297,0
111,Normal Cursor,90,6,1,8,3303,0
111,Normal Cursor,90,6,1,9,2008,0
111,Normal Cursor,90,6,1,10,2898,0
111,Normal Cursor,90,6,1,11,2571,0
111,Normal Cursor,90,6,1,12,5258,0
111,Normal Cursor,90,6,1,13,3890,2
111,Normal Cursor,90,6,1,14,2029,0
111,Normal Cursor,90,6,1,15,2488,0
111,Rope Cursor,90,6,1,0,1799,0
111,Rope Cursor,90,6,1,1,1064,0
111,Rope Cursor,90,6,1,2,1205,0
111,Rope Cursor,90,6,1,3,1677,0
111,Rope Cursor,90,6,1,4,2876,0
111,Rope Cursor,90,6,1,5,1445,0
111,Rope Cursor,90,6,1,6,3192,0
111,Rope Cursor,90,6,1,7,2065,0
111,Rope Cursor,90,6,1,8,1903,0
111,Rope Cursor,90,6,1,9,2092,0
111,Rope Cursor,90,6,1,10,1183,0
111,Rope Cursor,90,6,1,11,1339,0
111,Rope Cursor,90,6,1,12,2339,0
111,Rope Cursor,90,6,1,13,1543,0
111,Rope Cursor,90,6,1,14,1107,0
111,Rope Cursor,90,6,1,15,1218,0
111,Rope Cursor,30,12,0,0,2281,0
111,Rope Cursor,30,12,0,1,1155,0
111,Rope Cursor,30,12,0,2,1396,0
111,Rope Cursor,30,12,0,3,1022,0
111,Rope Cursor,30,12,0,4,929,0
111,Rope Cursor,30,12,0,5,1192,0
111,Rope Cursor,30,12,0,6,930,0
111,Rope Cursor,30,12,0,7,1141,0
111,Rope Cursor,30,12,0,8,978,0
111,Rope Cursor,30,12,0,9,1199,0
111,Rope Cursor,30,12,0,10,810,0
111,Rope Cursor,30,12,0,11,1170,0
111,Rope Cursor,30,12,0,12,930,0
111,Rope Cursor,30,12,0,13,882,0
111,Rope Cursor,30,12,0,14,916,0
111,Rope Cursor,30,12,0,15,1107,0
77777,Normal Cursor,30,6,1,0,3064,0
77777,Normal Cursor,60,18,1,0,2601,0
444,Bubble Cursor,90,6,0,0,2318,0
444,Bubble Cursor,90,6,0,1,3951,0
444,Bubble Cursor,90,6,0,2,2515,0
444,Bubble Cursor,90,6,0,3,2163,0
444,Bubble Cursor,90,6,0,4,1930,0
444,Bubble Cursor,90,6,0,5,3769,0
444,Bubble Cursor,90,6,0,6,2495,0
444,Bubble Cursor,90,6,0,7,4101,0
444,Bubble Cursor,90,6,0,8,3503,0
444,Bubble Cursor,90,6,0,9,1345,0
444,Bubble Cursor,90,6,0,10,1487,0
444,Bubble Cursor,90,6,0,11,1663,1
444,Bubble Cursor,90,6,0,12,1459,0
444,Bubble Cursor,90,6,0,13,2798,4
444,Bubble Cursor,90,6,0,14,1296,0
444,Bubble Cursor,90,6,0,15,2467,0
444,Rope Cursor,90,18,1,0,19033,0
444,Rope Cursor,90,18,1,1,1396,0
444,Rope Cursor,90,18,1,2,1007,0
444,Rope Cursor,90,18,1,3,880,0
444,Rope Cursor,90,18,1,4,952,0
444,Rope Cursor,90,18,1,5,1303,0
444,Rope Cursor,90,18,1,6,1565,0
444,Rope Cursor,90,18,1,7,943,0
444,Rope Cursor,90,18,1,8,1009,0
444,Rope Cursor,90,18,1,9,1035,0
444,Rope Cursor,90,18,1,10,1276,0
444,Rope Cursor,90,18,1,11,860,0
444,Rope Cursor,90,18,1,12,1015,0
444,Rope Cursor,90,18,1,13,1036,0
444,Rope Cursor,90,18,1,14,1036,0
444,Rope Cursor,90,18,1,15,1542,0
444,Bubble Cursor,30,6,0,0,1835,0
444,Bubble Cursor,30,6,0,1,1022,0
444,Bubble Cursor,30,6,0,2,1380,0
444,Bubble Cursor,30,6,0,3,1193,0
444,Bubble Cursor,30,6,0,4,837,0
444,Bubble Cursor,30,6,0,5,1170,0
444,Bubble Cursor,30,6,0,6,1163,0
444,Bubble Cursor,30,6,0,7,1318,0
444,Bubble Cursor,30,6,0,8,1361,0
444,Bubble Cursor,30,6,0,9,1211,0
444,Bubble Cursor,30,6,0,10,1488,0
444,Bubble Cursor,30,6,0,11,1353,0
444,Bubble Cursor,30,6,0,12,1416,0
444,Bubble Cursor,30,6,0,13,1514,0
444,Bubble Cursor,30,6,0,14,2052,0
444,Bubble Cursor,30,6,0,15,1331,0
444,Bubble Cursor,60,18,0,0,1315,0
444,Bubble Cursor,60,18,0,1,1149,0
444,Bubble Cursor,60,18,0,2,1071,0
444,Bubble Cursor,60,18,0,3,916,0
444,Bubble Cursor,60,18,0,4,952,0
444,Bubble Cursor,60,18,0,5,874,0
444,Bubble Cursor,60,18,0,6,902,0
444,Bubble Cursor,60,18,0,7,796,0
444,Bubble Cursor,60,18,0,8,818,0
444,Bubble Cursor,60,18,0,9,804,0
444,Bubble Cursor,60,18,0,10,781,0
444,Bubble Cursor,60,18,0,11,917,0
444,Bubble Cursor,60,18,0,12,902,0
444,Bubble Cursor,60,18,0,13,881,0
444,Bubble Cursor,60,18,0,14,782,0
444,Bubble Cursor,60,18,0,15,987,0
444,Normal Cursor,90,12,0,0,1688,0
444,Normal Cursor,90,12,0,1,1834,0
444,Normal Cursor,90,12,0,2,1543,0
444,Normal Cursor,90,12,0,3,1325,0
444,Normal Cursor,90,12,0,4,1197,0
444,Normal Cursor,90,12,0,5,1854,0
444,Normal Cursor,90,12,0,6,1290,0
444,Normal Cursor,90,12,0,7,2827,1
444,Normal Cursor,90,12,0,8,1437,0
444,Normal Cursor,90,12,0,9,1410,0
444,Normal Cursor,90,12,0,10,1269,0
444,Normal Cursor,90,12,0,11,1592,0
444,Normal Cursor,90,12,0,12,1621,0
444,Normal Cursor,90,12,0,13,1663,0
444,Normal Cursor,90,12,0,14,1565,0
444,Normal Cursor,90,12,0,15,1445,0
444,Rope Cursor,90,6,1,0,1396,0
444,Rope Cursor,90,6,1,1,3933,0
444,Rope Cursor,90,6,1,2,2890,0
444,Rope Cursor,90,6,1,3,3825,0
444,Rope Cursor,90,6,1,4,2292,0
444,Rope Cursor,90,6,1,5,1620,0
444,Rope Cursor,90,6,1,6,2445,0
444,Rope Cursor,90,6,1,7,2813,0
444,Rope Cursor,90,6,1,8,2671,0
444,Rope Cursor,90,6,1,9,1958,0
444,Rope Cursor,90,6,1,10,2650,1
444,Rope Cursor,90,6,1,11,1100,0
444,Rope Cursor,90,6,1,12,1621,0
444,Rope Cursor,90,6,1,13,1058,0
444,Rope Cursor,90,6,1,14,1084,0
444,Rope Cursor,90,6,1,15,1642,0
444,Rope Cursor,30,6,1,0,1056,0
444,Rope Cursor,30,6,1,1,1474,0
444,Rope Cursor,30,6,1,2,1712,0
444,Rope Cursor,30,6,1,3,1233,0
444,Rope Cursor,30,6,1,4,1389,0
444,Rope Cursor,30,6,1,5,1882,1
444,Rope Cursor,30,6,1,6,2108,0
444,Rope Cursor,30,6,1,7,1529,0
444,Rope Cursor,30,6,1,8,1501,0
444,Rope Cursor,30,6,1,9,1226,0
444,Rope Cursor,30,6,1,10,1354,0
444,Rope Cursor,30,6,1,11,1805,1
444,Rope Cursor,30,6,1,12,2192,0
444,Rope Cursor,30,6,1,13,1663,0
444,Rope Cursor,30,6,1,14,2100,0
444,Rope Cursor,30,6,1,15,1170,0
444,Normal Cursor,90,18,0,0,1386,1
444,Normal Cursor,90,18,0,1,1411,0
444,Normal Cursor,90,18,0,2,1493,0
444,Normal Cursor,90,18,0,3,1149,0
444,Normal Cursor,90,18,0,4,1353,0
444,Normal Cursor,90,18,0,5,1417,0
444,Normal Cursor,90,18,0,6,1346,0
444,Normal Cursor,90,18,0,7,1600,0
444,Normal Cursor,90,18,0,8,1374,0
444,Normal Cursor,90,18,0,9,1219,0
444,Normal Cursor,90,18,0,10,1162,0
444,Normal Cursor,90,18,0,11,1106,0
444,Normal Cursor,90,18,0,12,1551,1
444,Normal Cursor,90,18,0,13,1304,0
444,Normal Cursor,90,18,0,14,1360,0
444,Normal Cursor,90,18,0,15,1367,0
444,Bubble Cursor,30,6,1,0,1195,0
444,Bubble Cursor,30,6,1,1,1191,0
444,Bubble Cursor,30,6,1,2,1635,0
444,Bubble Cursor,30,6,1,3,3327,0
444,Bubble Cursor,30,6,1,4,1155,0
444,Bubble Cursor,30,6,1,5,1523,0
444,Bubble Cursor,30,6,1,6,1297,0
444,Bubble Cursor,30,6,1,7,1634,0
444,Bubble Cursor,30,6,1,8,1572,0
444,Bubble Cursor,30,6,1,9,1500,0
444,Bubble Cursor,30,6,1,10,1347,0
444,Bubble Cursor,30,6,1,11,1889,0
444,Bubble Cursor,30,6,1,12,1832,0
444,Bubble Cursor,30,6,1,13,1508,0
444,Bubble Cursor,30,6,1,14,1239,0
444,Bubble Cursor,30,6,1,15,3749,0
444,Rope Cursor,30,18,0,0,886,0
444,Rope Cursor,30,18,0,1,930,0
444,Rope Cursor,30,18,0,2,895,0
444,Rope Cursor,30,18,0,3,923,0
444,Rope Cursor,30,18,0,4,1065,0
444,Rope Cursor,30,18,0,5,873,0
444,Rope Cursor,30,18,0,6,1015,0
444,Rope Cursor,30,18,0,7,866,0
444,Rope Cursor,30,18,0,8,1093,0
444,Rope Cursor,30,18,0,9,1049,0
444,Rope Cursor,30,18,0,10,916,0
444,Rope Cursor,30,18,0,11,2172,0
444,Rope Cursor,30,18,0,12,1133,0
444,Rope Cursor,30,18,0,13,917,0
444,Rope Cursor,30,18,0,14,908,0
444,Rope Cursor,30,18,0,15,867,0
444,Rope Cursor,60,12,0,0,738,0
444,Rope Cursor,60,12,0,1,994,0
444,Rope Cursor,60,12,0,2,1219,0
444,Rope Cursor,60,12,0,3,1424,0
444,Rope Cursor,60,12,0,4,1234,0
444,Rope Cursor,60,12,0,5,908,0
444,Rope Cursor,60,12,0,6,1275,0
444,Rope Cursor,60,12,0,7,1015,0
444,Rope Cursor,60,12,0,8,1015,0
444,Rope Cursor,60,12,0,9,1084,0
444,Rope Cursor,60,12,0,10,1101,0
444,Rope Cursor,60,12,0,11,880,0
444,Rope Cursor,60,12,0,12,1571,2
444,Rope Cursor,60,12,0,13,1226,0
444,Rope Cursor,60,12,0,14,1072,0
444,Rope Cursor,60,12,0,15,1225,0
444,Rope Cursor,60,12,1,0,2380,1
444,Rope Cursor,60,12,1,1,880,0
444,Rope Cursor,60,12,1,2,1544,1
444,Rope Cursor,60,12,1,3,1170,0
444,Rope Cursor,60,12,1,4,1227,0
444,Rope Cursor,60,12,1,5,1818,1
444,Rope Cursor,60,12,1,6,1197,0
444,Rope Cursor,60,12,1,7,1149,0
444,Rope Cursor,60,12,1,8,1317,0
444,Rope Cursor,60,12,1,9,952,0
444,Rope Cursor,60,12,1,10,1248,0
444,Rope Cursor,60,12,1,11,922,0
444,Rope Cursor,60,12,1,12,966,0
444,Rope Cursor,60,12,1,13,1099,0
444,Rope Cursor,60,12,1,14,1233,0
444,Rope Cursor,60,12,1,15,1318,0
444,Rope Cursor,30,18,1,0,552,0
444,Rope Cursor,30,18,1,1,789,0
444,Rope Cursor,30,18,1,2,1375,0
444,Rope Cursor,30,18,1,3,796,0
444,Rope Cursor,30,18,1,4,944,0
444,Rope Cursor,30,18,1,5,769,0
444,Rope Cursor,30,18,1,6,1198,1
444,Rope Cursor,30,18,1,7,775,0
444,Rope Cursor,30,18,1,8,1262,0
444,Rope Cursor,30,18,1,9,817,0
444,Rope Cursor,30,18,1,10,1000,0
444,Rope Cursor,30,18,1,11,1057,0
444,Rope Cursor,30,18,1,12,889,0
444,Rope Cursor,30,18,1,13,838,0
444,Rope Cursor,30,18,1,14,803,0
444,Rope Cursor,30,18,1,15,867,0
444,Rope Cursor,30,12,0,0,694,0
444,Rope Cursor,30,12,0,1,1154,0
444,Rope Cursor,30,12,0,2,1107,0
444,Rope Cursor,30,12,0,3,951,0
444,Rope Cursor,30,12,0,4,1000,0
444,Rope Cursor,30,12,0,5,1149,0
444,Rope Cursor,30,12,0,6,852,0
444,Rope Cursor,30,12,0,7,832,0
444,Rope Cursor,30,12,0,8,944,0
444,Rope Cursor,30,12,0,9,803,0
444,Rope Cursor,30,12,0,10,1198,0
444,Rope Cursor,30,12,0,11,986,0
444,Rope Cursor,30,12,0,12,1269,0
444,Rope Cursor,30,12,0,13,943,0
444,Rope Cursor,30,12,0,14,746,0
444,Rope Cursor,30,12,0,15,924,0
444,Bubble Cursor,90,18,1,0,1006,0
444,Bubble Cursor,90,18,1,1,1331,0
444,Bubble Cursor,90,18,1,2,1106,0
444,Bubble Cursor,90,18,1,3,937,0
444,Bubble Cursor,90,18,1,4,853,0
444,Bubble Cursor,90,18,1,5,1029,0
444,Bubble Cursor,90,18,1,6,1008,0
444,Bubble Cursor,90,18,1,7,845,0
444,Bubble Cursor,90,18,1,8,952,0
444,Bubble Cursor,90,18,1,9,781,0
444,Bubble Cursor,90,18,1,10,1024,0
444,Bubble Cursor,90,18,1,11,872,0
444,Bubble Cursor,90,18,1,12,1093,0
444,Bubble Cursor,90,18,1,13,916,0
444,Bubble Cursor,90,18,1,14,979,0
444,Bubble Cursor,90,18,1,15,1283,0
444,Rope Cursor,90,12,1,0,1038,0
444,Rope Cursor,90,12,1,1,1120,0
444,Rope Cursor,90,12,1,2,1226,0
444,Rope Cursor,90,12,1,3,825,0
444,Rope Cursor,90,12,1,4,965,0
444,Rope Cursor,90,12,1,5,789,0
444,Rope Cursor,90,12,1,6,1001,0
444,Rope Cursor,90,12,1,7,2050,1
444,Rope Cursor,90,12,1,8,1297,0
444,Rope Cursor,90,12,1,9,959,0
444,Rope Cursor,90,12,1,10,1388,1
444,Rope Cursor,90,12,1,11,1050,0
444,Rope Cursor,90,12,1,12,1014,0
444,Rope Cursor,90,12,1,13,1319,0
444,Rope Cursor,90,12,1,14,1197,0
444,Rope Cursor,90,12,1,15,1530,0
444,Normal Cursor,60,18,1,0,1425,1
444,Normal Cursor,60,18,1,1,1325,0
444,Normal Cursor,60,18,1,2,1149,0
444,Normal Cursor,60,18,1,3,1367,0
444,Normal Cursor,60,18,1,4,993,0
444,Normal Cursor,60,18,1,5,1657,1
444,Normal Cursor,60,18,1,6,1382,0
444,Normal Cursor,60,18,1,7,1605,1
444,Normal Cursor,60,18,1,8,1790,1
444,Normal Cursor,60,18,1,9,1522,0
444,Normal Cursor,60,18,1,10,1290,0
444,Normal Cursor,60,18,1,11,1367,0
444,Normal Cursor,60,18,1,12,2073,2
444,Normal Cursor,60,18,1,13,2178,0
444,Normal Cursor,60,18,1,14,1754,1
444,Normal Cursor,60,18,1,15,1840,1
444,Bubble Cursor,90,18,0,0,3105,3
444,Bubble Cursor,90,18,0,1,1227,0
444,Bubble Cursor,90,18,0,2,1402,0
444,Bubble Cursor,90,18,0,3,853,0
444,Bubble Cursor,90,18,0,4,865,0
444,Bubble Cursor,90,18,0,5,1051,0
444,Bubble Cursor,90,18,0,6,1036,0
444,Bubble Cursor,90,18,0,7,943,0
444,Bubble Cursor,90,18,0,8,1135,0
444,Bubble Cursor,90,18,0,9,909,0
444,Bubble Cursor,90,18,0,10,1057,0
444,Bubble Cursor,90,18,0,11,817,0
444,Bubble Cursor,90,18,0,12,1697,2
444,Bubble Cursor,90,18,0,13,1155,0
444,Bubble Cursor,90,18,0,14,1087,0
444,Bubble Cursor,90,18,0,15,1741,1
444,Bubble Cursor,90,12,0,0,1251,0
444,Bubble Cursor,90,12,0,1,2045,0
444,Bubble Cursor,90,12,0,2,1600,0
444,Bubble Cursor,90,12,0,3,887,0
444,Bubble Cursor,90,12,0,4,946,0
444,Bubble Cursor,90,12,0,5,916,0
444,Bubble Cursor,90,12,0,6,931,0
444,Bubble Cursor,90,12,0,7,1395,0
444,Bubble Cursor,90,12,0,8,972,0
444,Bubble Cursor,90,12,0,9,903,0
444,Bubble Cursor,90,12,0,10,909,0
444,Bubble Cursor,90,12,0,11,1120,0
444,Bubble Cursor,90,12,0,12,1635,1
444,Bubble Cursor,90,12,0,13,1148,0
444,Bubble Cursor,90,12,0,14,1642,1
444,Bubble Cursor,90,12,0,15,1531,0
444,Bubble Cursor,90,6,1,0,1010,0
444,Bubble Cursor,90,6,1,1,1557,0
444,Bubble Cursor,90,6,1,2,3044,1
444,Bubble Cursor,90,6,1,3,1953,0
444,Bubble Cursor,90,6,1,4,1719,0
444,Bubble Cursor,90,6,1,5,1410,0
444,Bubble Cursor,90,6,1,6,2665,0
444,Bubble Cursor,90,6,1,7,1417,0
444,Bubble Cursor,90,6,1,8,3328,0
444,Bubble Cursor,90,6,1,9,1973,0
444,Bubble Cursor,90,6,1,10,1558,0
444,Bubble Cursor,90,6,1,11,1043,0
444,Bubble Cursor,90,6,1,12,1698,0
444,Bubble Cursor,90,6,1,13,1008,0
444,Bubble Cursor,90,6,1,14,1043,0
444,Bubble Cursor,90,6,1,15,2347,0
444,Normal Cursor,30,6,1,0,2135,0
444,Normal Cursor,30,6,1,1,1797,0
444,Normal Cursor,30,6,1,2,3771,1
444,Normal Cursor,30,6,1,3,3883,1
444,Normal Cursor,30,6,1,4,2129,0
444,Normal Cursor,30,6,1,5,1601,0
444,Normal Cursor,30,6,1,6,2559,1
444,Normal Cursor,30,6,1,7,2002,0
444,Normal Cursor,30,6,1,8,2157,0
444,Normal Cursor,30,6,1,9,3172,0
444,Normal Cursor,30,6,1,10,2651,0
444,Normal Cursor,30,6,1,11,2121,0
444,Normal Cursor,30,6,1,12,1623,0
444,Normal Cursor,30,6,1,13,1585,0
444,Normal Cursor,30,6,1,14,3292,0
444,Normal Cursor,30,6,1,15,3363,2
444,Normal Cursor,60,12,1,0,1596,0
444,Normal Cursor,60,12,1,1,1467,0
444,Normal Cursor,60,12,1,2,1516,0
444,Normal Cursor,60,12,1,3,1444,0
444,Normal Cursor,60,12,1,4,1742,0
444,Normal Cursor,60,12,1,5,1240,0
444,Normal Cursor,60,12,1,6,1650,0
444,Normal Cursor,60,12,1,7,1318,0
444,Normal Cursor,60,12,1,8,1474,0
444,Normal Cursor,60,12,1,9,1318,0
444,Normal Cursor,60,12,1,10,1446,0
444,Normal Cursor,60,12,1,11,1346,0
444,Normal Cursor,60,12,1,12,1227,0
444,Normal Cursor,60,12,1,13,1600,0
444,Normal Cursor,60,12,1,14,1594,0
444,Normal Cursor,60,12,1,15,1938,0
444,Normal Cursor,60,6,1,0,3401,1
444,Normal Cursor,60,6,1,1,3018,0
444,Normal Cursor,60,6,1,2,2953,1
444,Normal Cursor,60,6,1,3,2107,0
444,Normal Cursor,60,6,1,4,6316,0
444,Normal Cursor,60,6,1,5,3264,1
444,Normal Cursor,60,6,1,6,4088,0
444,Normal Cursor,60,6,1,7,3009,0
444,Normal Cursor,60,6,1,8,2530,0
444,Normal Cursor,60,6,1,9,2093,0
444,Normal Cursor,60,6,1,10,2982,0
444,Normal Cursor,60,6,1,11,5201,0
444,Normal Cursor,60,6,1,12,2777,1
444,Normal Cursor,60,6,1,13,3122,1
444,Normal Cursor,60,6,1,14,4180,0
444,Normal Cursor,60,6,1,15,3904,1
444,Rope Cursor,90,18,0,0,1064,0
444,Rope Cursor,90,18,0,1,1107,0
444,Rope Cursor,90,18,0,2,1192,0
444,Rope Cursor,90,18,0,3,901,0
444,Rope Cursor,90,18,0,4,1015,0
444,Rope Cursor,90,18,0,5,1142,0
444,Rope Cursor,90,18,0,6,1107,0
444,Rope Cursor,90,18,0,7,1057,0
444,Rope Cursor,90,18,0,8,902,0
444,Rope Cursor,90,18,0,9,980,0
444,Rope Cursor,90,18,0,10,1064,0
444,Rope Cursor,90,18,0,11,832,0
444,Rope Cursor,90,18,0,12,944,0
444,Rope Cursor,90,18,0,13,931,0
444,Rope Cursor,90,18,0,14,944,0
444,Rope Cursor,90,18,0,15,959,0
444,Normal Cursor,60,18,0,0,693,0
444,Normal Cursor,60,18,0,1,1888,0
444,Normal Cursor,60,18,0,2,1333,0
444,Normal Cursor,60,18,0,3,1748,0
444,Normal Cursor,60,18,0,4,1367,0
444,Normal Cursor,60,18,0,5,1255,0
444,Normal Cursor,60,18,0,6,1459,0
444,Normal Cursor,60,18,0,7,2080,1
444,Normal Cursor,60,18,0,8,1360,0
444,Normal Cursor,60,18,0,9,1918,1
444,Normal Cursor,60,18,0,10,1381,0
444,Normal Cursor,60,18,0,11,1706,1
444,Normal Cursor,60,18,0,12,1289,0
444,Normal Cursor,60,18,0,13,1741,1
444,Normal Cursor,60,18,0,14,1289,0
444,Normal Cursor,60,18,0,15,1523,0
444,Rope Cursor,30,12,1,0,1459,1
444,Rope Cursor,30,12,1,1,2482,1
444,Rope Cursor,30,12,1,2,1036,0
444,Rope Cursor,30,12,1,3,1410,0
444,Rope Cursor,30,12,1,4,1141,0
444,Rope Cursor,30,12,1,5,973,0
444,Rope Cursor,30,12,1,6,811,0
444,Rope Cursor,30,12,1,7,1106,0
444,Rope Cursor,30,12,1,8,980,0
444,Rope Cursor,30,12,1,9,888,0
444,Rope Cursor,30,12,1,10,1423,0
444,Rope Cursor,30,12,1,11,875,0
444,Rope Cursor,30,12,1,12,909,0
444,Rope Cursor,30,12,1,13,1212,0
444,Rope Cursor,30,12,1,14,775,0
444,Rope Cursor,30,12,1,15,882,0
444,Bubble Cursor,60,18,1,0,611,0
444,Bubble Cursor,60,18,1,1,1162,0
444,Bubble Cursor,60,18,1,2,1009,0
444,Bubble Cursor,60,18,1,3,1092,0
444,Bubble Cursor,60,18,1,4,874,0
444,Bubble Cursor,60,18,1,5,938,0
444,Bubble Cursor,60,18,1,6,1134,0
444,Bubble Cursor,60,18,1,7,755,0
444,Bubble Cursor,60,18,1,8,760,0
444,Bubble Cursor,60,18,1,9,861,0
444,Bubble Cursor,60,18,1,10,768,0
444,Bubble Cursor,60,18,1,11,902,0
444,Bubble Cursor,60,18,1,12,825,0
444,Bubble Cursor,60,18,1,13,1134,1
444,Bubble Cursor,60,18,1,14,1247,0
444,Bubble Cursor,60,18,1,15,917,0
444,Bubble Cursor,30,18,0,0,627,0
444,Bubble Cursor,30,18,0,1,853,0
444,Bubble Cursor,30,18,0,2,896,0
444,Bubble Cursor,30,18,0,3,747,0
444,Bubble Cursor,30,18,0,4,866,0
444,Bubble Cursor,30,18,0,5,733,0
444,Bubble Cursor,30,18,0,6,1128,1
444,Bubble Cursor,30,18,0,7,909,0
444,Bubble Cursor,30,18,0,8,965,0
444,Bubble Cursor,30,18,0,9,1325,1
444,Bubble Cursor,30,18,0,10,1234,0
444,Bubble Cursor,30,18,0,11,1177,1
444,Bubble Cursor,30,18,0,12,782,0
444,Bubble Cursor,30,18,0,13,684,0
444,Bubble Cursor,30,18,0,14,669,0
444,Bubble Cursor,30,18,0,15,839,0
444,Normal Cursor,90,12,1,0,1090,0
444,Normal Cursor,90,12,1,1,2438,1
444,Normal Cursor,90,12,1,2,1454,0
444,Normal Cursor,90,12,1,3,1302,0
444,Normal Cursor,90,12,1,4,796,0
444,Normal Cursor,90,12,1,5,967,0
444,Normal Cursor,90,12,1,6,874,0
444,Normal Cursor,90,12,1,7,1092,0
444,Normal Cursor,90,12,1,8,1657,0
444,Normal Cursor,90,12,1,9,1910,1
444,Normal Cursor,90,12,1,10,1071,0
444,Normal Cursor,90,12,1,11,2489,0
444,Normal Cursor,90,12,1,12,2333,1
444,Normal Cursor,90,12,1,13,1120,0
444,Normal Cursor,90,12,1,14,995,0
444,Normal Cursor,90,12,1,15,1269,0
444,Bubble Cursor,30,12,1,0,1108,0
444,Bubble Cursor,30,12,1,1,1016,0
444,Bubble Cursor,30,12,1,2,1056,0
444,Bubble Cursor,30,12,1,3,896,0
444,Bubble Cursor,30,12,1,4,775,0
444,Bubble Cursor,30,12,1,5,924,0
444,Bubble Cursor,30,12,1,6,1036,0
444,Bubble Cursor,30,12,1,7,1043,0
444,Bubble Cursor,30,12,1,8,966,0
444,Bubble Cursor,30,12,1,9,1036,0
444,Bubble Cursor,30,12,1,10,2904,2
444,Bubble Cursor,30,12,1,11,867,0
444,Bubble Cursor,30,12,1,12,1073,0
444,Bubble Cursor,30,12,1,13,1091,0
444,Bubble Cursor,30,12,1,14,1108,0
444,Bubble Cursor,30,12,1,15,1001,0
444,Rope Cursor,90,6,0,0,1501,0
444,Rope Cursor,90,6,0,1,5610,0
444,Rope Cursor,90,6,0,2,2264,0
444,Rope Cursor,90,6,0,3,2099,0
444,Rope Cursor,90,6,0,4,2601,0
444,Rope Cursor,90,6,0,5,1911,0
444,Rope Cursor,90,6,0,6,1613,0
444,Rope Cursor,90,6,0,7,1339,0
444,Rope Cursor,90,6,0,8,2250,0
444,Rope Cursor,90,6,0,9,1451,0
444,Rope Cursor,90,6,0,10,1453,0
444,Rope Cursor,90,6,0,11,1409,1
444,Rope Cursor,90,6,0,12,1529,0
444,Rope Cursor,90,6,0,13,1051,0
444,Rope Cursor,90,6,0,14,1001,0
444,Rope Cursor,90,6,0,15,1798,0
444,Bubble Cursor,60,6,1,0,1353,0
444,Bubble Cursor,60,6,1,1,1734,0
444,Bubble Cursor,60,6,1,2,1115,0
444,Bubble Cursor,60,6,1,3,796,0
444,Bubble Cursor,60,6,1,4,1734,0
444,Bubble Cursor,60,6,1,5,1558,0
444,Bubble Cursor,60,6,1,6,1043,0
444,Bubble Cursor,60,6,1,7,1749,1
444,Bubble Cursor,60,6,1,8,2065,0
444,Bubble Cursor,60,6,1,9,1995,0
444,Bubble Cursor,60,6,1,10,1839,0
444,Bubble Cursor,60,6,1,11,957,0
444,Bubble Cursor,60,6,1,12,1355,0
444,Bubble Cursor,60,6,1,13,2974,1
444,Bubble Cursor,60,6,1,14,1466,0
444,Bubble Cursor,60,6,1,15,4398,0
444,Bubble Cursor,60,12,1,0,835,0
444,Bubble Cursor,60,12,1,1,1058,0
444,Bubble Cursor,60,12,1,2,1586,1
444,Bubble Cursor,60,12,1,3,1305,0
444,Bubble Cursor,60,12,1,4,1190,0
444,Bubble Cursor,60,12,1,5,803,0
444,Bubble Cursor,60,12,1,6,1058,0
444,Bubble Cursor,60,12,1,7,831,0
444,Bubble Cursor,60,12,1,8,1087,0
444,Bubble Cursor,60,12,1,9,747,0
444,Bubble Cursor,60,12,1,10,1213,0
444,Bubble Cursor,60,12,1,11,732,0
444,Bubble Cursor,60,12,1,12,980,0
444,Bubble Cursor,60,12,1,13,987,0
444,Bubble Cursor,60,12,1,14,1086,0
444,Bubble Cursor,60,12,1,15,958,0
444,Normal Cursor,30,6,0,0,1600,0
444,Normal Cursor,30,6,0,1,1439,0
444,Normal Cursor,30,6,0,2,2579,0
444,Normal Cursor,30,6,0,3,2172,0
444,Normal Cursor,30,6,0,4,2065,0
444,Normal Cursor,30,6,0,5,2649,0
444,Normal Cursor,30,6,0,6,2736,0
444,Normal Cursor,30,6,0,7,1607,0
444,Normal Cursor,30,6,0,8,2016,0
444,Normal Cursor,30,6,0,9,1325,0
444,Normal Cursor,30,6,0,10,1727,0
444,Normal Cursor,30,6,0,11,2270,0
444,Normal Cursor,30,6,0,12,2242,0
444,Normal Cursor,30,6,0,13,1756,0
444,Normal Cursor,30,6,0,14,3086,0
444,Normal Cursor,30,6,0,15,4160,0
444,Rope Cursor,60,6,1,0,700,0
444,Rope Cursor,60,6,1,1,2763,0
444,Rope Cursor,60,6,1,2,1903,0
444,Rope Cursor,60,6,1,3,1558,0
444,Rope Cursor,60,6,1,4,1663,0
444,Rope Cursor,60,6,1,5,1740,0
444,Rope Cursor,60,6,1,6,967,0
444,Rope Cursor,60,6,1,7,1296,0
444,Rope Cursor,60,6,1,8,2376,0
444,Rope Cursor,60,6,1,9,1974,0
444,Rope Cursor,60,6,1,10,2008,0
444,Rope Cursor,60,6,1,11,1290,0
444,Rope Cursor,60,6,1,12,1368,0
444,Rope Cursor,60,6,1,13,1529,0
444,Rope Cursor,60,6,1,14,2411,0
444,Rope Cursor,60,6,1,15,2128,1
444,Normal Cursor,30,12,0,0,1623,0
444,Normal Cursor,30,12,0,1,1537,0
444,Normal Cursor,30,12,0,2,1460,0
444,Normal Cursor,30,12,0,3,1331,0
444,Normal Cursor,30,12,0,4,1079,0
444,Normal Cursor,30,12,0,5,1501,0
444,Normal Cursor,30,12,0,6,1326,0
444,Normal Cursor,30,12,0,7,1339,0
444,Normal Cursor,30,12,0,8,1693,0
444,Normal Cursor,30,12,0,9,1225,0
444,Normal Cursor,30,12,0,10,2567,1
444,Normal Cursor,30,12,0,11,1247,0
444,Normal Cursor,30,12,0,12,1473,0
444,Normal Cursor,30,12,0,13,2347,2
444,Normal Cursor,30,12,0,14,1600,0
444,Normal Cursor,30,12,0,15,1219,0
444,Normal Cursor,30,12,1,0,2672,1
444,Normal Cursor,30,12,1,1,1524,0
444,Normal Cursor,30,12,1,2,1614,0
444,Normal Cursor,30,12,1,3,1445,0
444,Normal Cursor,30,12,1,4,2679,1
444,Normal Cursor,30,12,1,5,1734,0
444,Normal Cursor,30,12,1,6,1439,0
444,Normal Cursor,30,12,1,7,1389,0
444,Normal Cursor,30,12,1,8,1318,0
444,Normal Cursor,30,12,1,9,1418,0
444,Normal Cursor,30,12,1,10,1480,0
444,Normal Cursor,30,12,1,11,1453,0
444,Normal Cursor,30,12,1,12,1607,0
444,Normal Cursor,30,12,1,13,1205,0
444,Normal Cursor,30,12,1,14,1354,0
444,Normal Cursor,30,12,1,15,1636,0
444,Normal Cursor,60,12,0,0,1269,0
444,Normal Cursor,60,12,0,1,1517,0
444,Normal Cursor,60,12,0,2,1536,0
444,Normal Cursor,60,12,0,3,2200,1
444,Normal Cursor,60,12,0,4,1811,0
444,Normal Cursor,60,12,0,5,1416,0
444,Normal Cursor,60,12,0,6,1438,0
444,Normal Cursor,60,12,0,7,2214,1
444,Normal Cursor,60,12,0,8,1953,1
444,Normal Cursor,60,12,0,9,72715,0
444,Normal Cursor,60,12,0,10,1740,0
444,Normal Cursor,60,12,0,11,1481,0
444,Normal Cursor,60,12,0,12,1649,0
444,Normal Cursor,60,12,0,13,1986,1
444,Normal Cursor,60,12,0,14,1713,0
444,Normal Cursor,60,12,0,15,2057,1
444,Normal Cursor,60,6,0,0,3762,0
444,Normal Cursor,60,6,0,1,2396,0
444,Normal Cursor,60,6,0,2,2283,0
444,Normal Cursor,60,6,0,3,1501,0
444,Normal Cursor,60,6,0,4,2065,0
444,Normal Cursor,60,6,0,5,1720,0
444,Normal Cursor,60,6,0,6,2042,0
444,Normal Cursor,60,6,0,7,1671,0
444,Normal Cursor,60,6,0,8,2529,0
444,Normal Cursor,60,6,0,9,3172,1
444,Normal Cursor,60,6,0,10,1881,0
444,Normal Cursor,60,6,0,11,1827,0
444,Normal Cursor,60,6,0,12,2599,0
444,Normal Cursor,60,6,0,13,7209,0
444,Normal Cursor,60,6,0,14,3762,2
444,Normal Cursor,60,6,0,15,2206,0
444,Normal Cursor,30,18,1,0,1134,0
444,Normal Cursor,30,18,1,1,1170,0
444,Normal Cursor,30,18,1,2,1261,0
444,Normal Cursor,30,18,1,3,1360,0
444,Normal Cursor,30,18,1,4,1093,0
444,Normal Cursor,30,18,1,5,1762,0
444,Normal Cursor,30,18,1,6,2361,0
444,Normal Cursor,30,18,1,7,1134,0
444,Normal Cursor,30,18,1,8,1395,0
444,Normal Cursor,30,18,1,9,1073,0
444,Normal Cursor,30,18,1,10,1155,0
444,Normal Cursor,30,18,1,11,1458,0
444,Normal Cursor,30,18,1,12,1199,0
444,Normal Cursor,30,18,1,13,1868,0
444,Normal Cursor,30,18,1,14,1105,0
444,Normal Cursor,30,18,1,15,1256,0
444,Bubble Cursor,60,6,0,0,1576,0
444,Bubble Cursor,60,6,0,1,1423,0
444,Bubble Cursor,60,6,0,2,1481,0
444,Bubble Cursor,60,6,0,3,1155,0
444,Bubble Cursor,60,6,0,4,1310,0
444,Bubble Cursor,60,6,0,5,1214,0
444,Bubble Cursor,60,6,0,6,964,0
444,Bubble Cursor,60,6,0,7,1368,0
444,Bubble Cursor,60,6,0,8,2621,1
444,Bubble Cursor,60,6,0,9,2692,0
444,Bubble Cursor,60,6,0,10,1502,0
444,Bubble Cursor,60,6,0,11,2430,0
444,Bubble Cursor,60,6,0,12,1396,0
444,Bubble Cursor,60,6,0,13,1346,0
444,Bubble Cursor,60,6,0,14,1240,0
444,Bubble Cursor,60,6,0,15,2376,0
444,Bubble Cursor,30,12,0,0,1443,0
444,Bubble Cursor,30,12,0,1,903,0
444,Bubble Cursor,30,12,0,2,1113,0
444,Bubble Cursor,30,12,0,3,887,0
444,Bubble Cursor,30,12,0,4,819,0
444,Bubble Cursor,30,12,0,5,1043,0
444,Bubble Cursor,30,12,0,6,761,0
444,Bubble Cursor,30,12,0,7,853,0
444,Bubble Cursor,30,12,0,8,1220,0
444,Bubble Cursor,30,12,0,9,747,0
444,Bubble Cursor,30,12,0,10,1283,0
444,Bubble Cursor,30,12,0,11,901,0
444,Bubble Cursor,30,12,0,12,946,0
444,Bubble Cursor,30,12,0,13,1057,0
444,Bubble Cursor,30,12,0,14,796,0
444,Bubble Cursor,30,12,0,15,1051,0
444,Rope Cursor,30,6,0,0,1265,0
444,Rope Cursor,30,6,0,1,1502,0
444,Rope Cursor,30,6,0,2,1360,0
444,Rope Cursor,30,6,0,3,1529,0
444,Rope Cursor,30,6,0,4,1452,0
444,Rope Cursor,30,6,0,5,1782,0
444,Rope Cursor,30,6,0,6,932,0
444,Rope Cursor,30,6,0,7,1402,0
444,Rope Cursor,30,6,0,8,1247,0
444,Rope Cursor,30,6,0,9,1580,0
444,Rope Cursor,30,6,0,10,1910,0
444,Rope Cursor,30,6,0,11,1628,0
444,Rope Cursor,30,6,0,12,1064,0
444,Rope Cursor,30,6,0,13,1501,0
444,Rope Cursor,30,6,0,14,1755,0
444,Rope Cursor,30,6,0,15,1728,0
444,Bubble Cursor,60,12,0,0,1094,0
444,Bubble Cursor,60,12,0,1,1649,0
444,Bubble Cursor,60,12,0,2,881,0
444,Bubble Cursor,60,12,0,3,1733,1
444,Bubble Cursor,60,12,0,4,1508,1
444,Bubble Cursor,60,12,0,5,833,0
444,Bubble Cursor,60,12,0,6,1226,0
444,Bubble Cursor,60,12,0,7,768,0
444,Bubble Cursor,60,12,0,8,1487,1
444,Bubble Cursor,60,12,0,9,798,0
444,Bubble Cursor,60,12,0,10,1127,0
444,Bubble Cursor,60,12,0,11,733,0
444,Bubble Cursor,60,12,0,12,1206,0
444,Bubble Cursor,60,12,0,13,845,0
444,Bubble Cursor,60,12,0,14,1120,0
444,Bubble Cursor,60,12,0,15,1114,0
444,Bubble Cursor,30,18,1,0,1360,2
444,Bubble Cursor,30,18,1,1,832,0
444,Bubble Cursor,30,18,1,2,1000,0
444,Bubble Cursor,30,18,1,3,741,0
444,Bubble Cursor,30,18,1,4,746,0
444,Bubble Cursor,30,18,1,5,769,0
444,Bubble Cursor,30,18,1,6,1099,1
444,Bubble Cursor,30,18,1,7,691,0
444,Bubble Cursor,30,18,1,8,995,0
444,Bubble Cursor,30,18,1,9,662,0
444,Bubble Cursor,30,18,1,10,958,0
444,Bubble Cursor,30,18,1,11,846,0
444,Bubble Cursor,30,18,1,12,845,0
444,Bubble Cursor,30,18,1,13,811,0
444,Bubble Cursor,30,18,1,14,740,0
444,Bubble Cursor,30,18,1,15,867,0
444,Rope Cursor,60,18,0,0,1029,1
444,Rope Cursor,60,18,0,1,1086,0
444,Rope Cursor,60,18,0,2,1085,0
444,Rope Cursor,60,18,0,3,1050,0
444,Rope Cursor,60,18,0,4,916,0
444,Rope Cursor,60,18,0,5,838,0
444,Rope Cursor,60,18,0,6,888,0
444,Rope Cursor,60,18,0,7,1735,2
444,Rope Cursor,60,18,0,8,853,0
444,Rope Cursor,60,18,0,9,867,0
444,Rope Cursor,60,18,0,10,965,0
444,Rope Cursor,60,18,0,11,1101,0
444,Rope Cursor,60,18,0,12,867,0
444,Rope Cursor,60,18,0,13,761,0
444,Rope Cursor,60,18,0,14,994,0
444,Rope Cursor,60,18,0,15,1001,0
444,Bubble Cursor,90,12,1,0,887,0
444,Bubble Cursor,90,12,1,1,1220,0
444,Bubble Cursor,90,12,1,2,831,0
444,Bubble Cursor,90,12,1,3,1869,1
444,Bubble Cursor,90,12,1,4,987,0
444,Bubble Cursor,90,12,1,5,803,0
444,Bubble Cursor,90,12,1,6,1093,0
444,Bubble Cursor,90,12,1,7,1445,0
444,Bubble Cursor,90,12,1,8,987,0
444,Bubble Cursor,90,12,1,9,725,0
444,Bubble Cursor,90,12,1,10,932,0
444,Bubble Cursor,90,12,1,11,1064,0
444,Bubble Cursor,90,12,1,12,1361,0
444,Bubble Cursor,90,12,1,13,1783,0
444,Bubble Cursor,90,12,1,14,1050,0
444,Bubble Cursor,90,12,1,15,1453,0
444,Normal Cursor,90,18,1,0,1618,0
444,Normal Cursor,90,18,1,1,1430,0
444,Normal Cursor,90,18,1,2,1503,0
444,Normal Cursor,90,18,1,3,1035,0
444,Normal Cursor,90,18,1,4,1179,0
444,Normal Cursor,90,18,1,5,1366,0
444,Normal Cursor,90,18,1,6,1361,0
444,Normal Cursor,90,18,1,7,1417,0
444,Normal Cursor,90,18,1,8,1242,0
444,Normal Cursor,90,18,1,9,1323,0
444,Normal Cursor,90,18,1,10,1466,0
444,Normal Cursor,90,18,1,11,1347,0
444,Normal Cursor,90,18,1,12,1493,0
444,Normal Cursor,90,18,1,13,1044,0
444,Normal Cursor,90,18,1,14,1579,1
444,Normal Cursor,90,18,1,15,1255,0
444,Normal Cursor,30,18,0,0,1081,0
444,Normal Cursor,30,18,0,1,1586,1
444,Normal Cursor,30,18,0,2,1395,0
444,Normal Cursor,30,18,0,3,1219,0
444,Normal Cursor,30,18,0,4,910,0
444,Normal Cursor,30,18,0,5,1494,0
444,Normal Cursor,30,18,0,6,1023,0
444,Normal Cursor,30,18,0,7,2368,0
444,Normal Cursor,30,18,0,8,1206,0
444,Normal Cursor,30,18,0,9,1092,0
444,Normal Cursor,30,18,0,10,1340,0
444,Normal Cursor,30,18,0,11,1205,0
444,Normal Cursor,30,18,0,12,1347,0
444,Normal Cursor,30,18,0,13,1545,1
444,Normal Cursor,30,18,0,14,944,0
444,Normal Cursor,30,18,0,15,1579,0
444,Normal Cursor,90,6,1,0,2713,1
444,Normal Cursor,90,6,1,1,2954,0
444,Normal Cursor,90,6,1,2,4434,1
444,Normal Cursor,90,6,1,3,2102,0
444,Normal Cursor,90,6,1,4,7297,1
444,Normal Cursor,90,6,1,5,2962,0
444,Normal Cursor,90,6,1,6,2996,0
444,Normal Cursor,90,6,1,7,4102,0
444,Normal Cursor,90,6,1,8,2792,0
444,Normal Cursor,90,6,1,9,2792,0
444,Normal Cursor,90,6,1,10,2813,1
444,Normal Cursor,90,6,1,11,2721,0
444,Normal Cursor,90,6,1,12,2596,1
444,Normal Cursor,90,6,1,13,2475,1
444,Normal Cursor,90,6,1,14,4040,0
444,Normal Cursor,90,6,1,15,3518,0
444,Rope Cursor,60,18,1,0,748,0
444,Rope Cursor,60,18,1,1,1339,0
444,Rope Cursor,60,18,1,2,917,0
444,Rope Cursor,60,18,1,3,972,0
444,Rope Cursor,60,18,1,4,1233,1
444,Rope Cursor,60,18,1,5,840,0
444,Rope Cursor,60,18,1,6,1100,0
444,Rope Cursor,60,18,1,7,698,0
444,Rope Cursor,60,18,1,8,761,0
444,Rope Cursor,60,18,1,9,945,0
444,Rope Cursor,60,18,1,10,902,0
444,Rope Cursor,60,18,1,11,909,0
444,Rope Cursor,60,18,1,12,740,0
444,Rope Cursor,60,18,1,13,797,0
444,Rope Cursor,60,18,1,14,832,0
444,Rope Cursor,60,18,1,15,1064,0
444,Normal Cursor,90,6,0,0,3595,0
444,Normal Cursor,90,6,0,1,2976,1
444,Normal Cursor,90,6,0,2,2679,0
444,Normal Cursor,90,6,0,3,3335,0
444,Normal Cursor,90,6,0,4,2080,0
444,Normal Cursor,90,6,0,5,2701,1
444,Normal Cursor,90,6,0,6,4427,0
444,Normal Cursor,90,6,0,7,2067,0
444,Normal Cursor,90,6,0,8,2453,0
444,Normal Cursor,90,6,0,9,1748,0
444,Normal Cursor,90,6,0,10,1678,0
444,Normal Cursor,90,6,0,11,1997,0
444,Normal Cursor,90,6,0,12,1762,0
444,Normal Cursor,90,6,0,13,2059,0
444,Normal Cursor,90,6,0,14,1615,0
444,Normal Cursor,90,6,0,15,3046,1
444,Rope Cursor,90,12,0,0,1515,0
444,Rope Cursor,90,12,0,1,1974,0
444,Rope Cursor,90,12,0,2,1002,0
444,Rope Cursor,90,12,0,3,1113,0
444,Rope Cursor,90,12,0,4,1094,0
444,Rope Cursor,90,12,0,5,1043,0
444,Rope Cursor,90,12,0,6,1177,0
444,Rope Cursor,90,12,0,7,1750,0
444,Rope Cursor,90,12,0,8,1078,0
444,Rope Cursor,90,12,0,9,1029,0
444,Rope Cursor,90,12,0,10,812,0
444,Rope Cursor,90,12,0,11,994,0
444,Rope Cursor,90,12,0,12,974,0
444,Rope Cursor,90,12,0,13,1205,0
444,Rope Cursor,90,12,0,14,1622,0
444,Rope Cursor,90,12,0,15,1509,0
444,Rope Cursor,60,6,0,0,903,0
444,Rope Cursor,60,6,0,1,1143,0
444,Rope Cursor,60,6,0,2,1135,0
444,Rope Cursor,60,6,0,3,1720,0
444,Rope Cursor,60,6,0,4,3651,0
444,Rope Cursor,60,6,0,5,1179,0
444,Rope Cursor,60,6,0,6,988,0
444,Rope Cursor,60,6,0,7,1622,0
444,Rope Cursor,60,6,0,8,1819,1
444,Rope Cursor,60,6,0,9,2580,0
444,Rope Cursor,60,6,0,10,1918,0
444,Rope Cursor,60,6,0,11,1481,0
444,Rope Cursor,60,6,0,12,1946,0
444,Rope Cursor,60,6,0,13,2890,0
444,Rope Cursor,60,6,0,14,2509,0
444,Rope Cursor,60,6,0,15,3758,0
1,Normal Cursor,30,12,0,0,2542,0
1,Normal Cursor,30,12,0,1,1352,0
1,Normal Cursor,30,12,0,2,1403,0
1,Normal Cursor,30,12,0,3,1345,0
1,Normal Cursor,30,12,0,4,1198,0
1,Normal Cursor,30,12,0,5,1465,0
1,Normal Cursor,30,12,0,6,1452,0
1,Normal Cursor,30,12,0,7,3008,0
1,Normal Cursor,30,12,0,8,1677,0
1,Normal Cursor,30,12,0,9,1620,0
1,Normal Cursor,30,12,0,10,1818,0
1,Normal Cursor,30,12,0,11,1480,0
1,Normal Cursor,30,12,0,12,1711,0
1,Normal Cursor,30,12,0,13,2304,1
1,Normal Cursor,30,12,0,14,1452,0
1,Normal Cursor,30,12,0,15,2029,0
2,Rope Cursor,30,12,1,0,1464,0
2,Rope Cursor,30,12,1,1,1297,0
2,Rope Cursor,30,12,1,2,1437,0
2,Rope Cursor,30,12,1,3,1078,0
2,Rope Cursor,30,12,1,4,895,0
2,Rope Cursor,30,12,1,5,824,0
2,Rope Cursor,30,12,1,6,923,0
2,Rope Cursor,30,12,1,7,1015,0
2,Rope Cursor,30,12,1,8,973,0
2,Rope Cursor,30,12,1,9,1100,0
2,Rope Cursor,30,12,1,10,830,0
2,Rope Cursor,30,12,1,11,987,0
2,Rope Cursor,30,12,1,12,804,0
2,Rope Cursor,30,12,1,13,1071,0
2,Rope Cursor,30,12,1,14,874,0
6,Bubble Cursor,30,18,1,0,1265,0
6,Bubble Cursor,30,18,1,1,1408,0
6,Bubble Cursor,30,18,1,2,930,0
6,Bubble Cursor,30,18,1,3,1037,0
6,Bubble Cursor,30,18,1,4,1148,0
6,Bubble Cursor,30,18,1,5,987,0
6,Bubble Cursor,30,18,1,6,844,0
6,Bubble Cursor,30,18,1,7,1015,0
6,Bubble Cursor,30,18,1,8,1100,0
6,Bubble Cursor,30,18,1,9,1220,0
6,Bubble Cursor,30,18,1,10,1212,0
6,Bubble Cursor,30,18,1,11,987,0
6,Bubble Cursor,30,18,1,12,2001,1
6,Bubble Cursor,30,18,1,13,916,0
6,Bubble Cursor,30,18,1,14,1120,0
4,Rope Cursor,90,12,0,0,1599,0
4,Rope Cursor,90,12,0,1,1218,0
4,Rope Cursor,90,12,0,2,1134,0
4,Rope Cursor,90,12,0,3,1418,0
4,Rope Cursor,90,12,0,4,1719,0
4,Rope Cursor,90,12,0,5,1248,0
4,Rope Cursor,90,12,0,6,1274,0
4,Rope Cursor,90,12,0,7,944,0
4,Rope Cursor,90,12,0,8,1586,0
4,Rope Cursor,90,12,0,9,888,0
4,Rope Cursor,90,12,0,10,1085,0
4,Rope Cursor,90,12,0,11,1149,0
4,Rope Cursor,90,12,0,12,1254,0
4,Rope Cursor,90,12,0,13,896,0
4,Rope Cursor,90,12,0,14,979,0
66,Normal Cursor,30,6,1,0,2323,0
66,Normal Cursor,30,6,1,1,2290,0
66,Normal Cursor,30,6,1,2,4538,0
7,Normal Cursor,60,12,1,0,2254,0
7,Normal Cursor,60,12,1,1,1911,0
7,Normal Cursor,60,12,1,2,4666,0
7,Normal Cursor,60,12,1,3,1699,0
7,Normal Cursor,60,12,1,4,1530,0
7,Normal Cursor,60,12,1,5,1029,0
7,Normal Cursor,60,12,1,6,910,0
7,Normal Cursor,60,12,1,7,767,0
7,Normal Cursor,60,12,1,8,755,0
7,Normal Cursor,60,12,1,9,1897,2
7,Normal Cursor,60,12,1,10,924,0
7,Normal Cursor,60,12,1,11,1057,0
7,Normal Cursor,60,12,1,12,1078,0
7,Normal Cursor,60,12,1,13,1086,0
7,Normal Cursor,60,12,1,14,1537,1
777,Normal Cursor,90,18,0,0,2241,0
777,Normal Cursor,90,18,0,1,1855,0
544,Normal Cursor,60,18,0,0,6032,1
544,Normal Cursor,60,18,0,1,1707,0
544,Normal Cursor,60,18,0,2,2220,1
544,Normal Cursor,60,18,0,3,1205,0
544,Normal Cursor,60,18,0,4,1276,0
544,Normal Cursor,60,18,0,5,1065,0
544,Normal Cursor,60,18,0,6,1374,0
544,Normal Cursor,60,18,0,7,1784,0
544,Normal Cursor,60,18,0,8,1029,0
544,Normal Cursor,60,18,0,9,1255,0
544,Normal Cursor,60,18,0,10,1205,0
544,Normal Cursor,60,18,0,11,1171,0
544,Normal Cursor,60,18,0,12,1205,0
544,Normal Cursor,60,18,0,13,1050,0
544,Normal Cursor,30,12,1,0,80422,0
544,Normal Cursor,30,12,1,1,1226,0
544,Normal Cursor,30,12,1,2,1333,0
544,Normal Cursor,30,12,1,3,1466,0
544,Normal Cursor,30,12,1,4,1818,0
544,Normal Cursor,30,12,1,5,1756,0
544,Normal Cursor,30,12,1,6,1670,0
544,Normal Cursor,30,12,1,7,1918,1
544,Normal Cursor,30,12,1,8,1550,0
544,Normal Cursor,30,12,1,9,1586,0
544,Normal Cursor,30,12,1,10,1276,0
544,Normal Cursor,30,12,1,11,1409,0
544,Normal Cursor,30,12,1,12,1854,0
544,Normal Cursor,30,12,1,13,1254,0
5555,Rope Cursor,90,6,0,0,1941,0
5555,Rope Cursor,90,6,0,1,3398,1
5555,Rope Cursor,90,6,0,2,2092,0
5555,Rope Cursor,90,6,0,3,1410,0
5555,Rope Cursor,90,6,0,4,3622,0
5555,Rope Cursor,90,6,0,5,1036,0
5555,Rope Cursor,90,6,0,6,1706,0
5555,Rope Cursor,90,6,0,7,2249,0
5555,Rope Cursor,90,6,0,8,1889,0
5555,Rope Cursor,90,6,0,9,1072,0
5555,Rope Cursor,90,6,0,10,1120,0
5555,Rope Cursor,90,6,0,11,1410,0
5555,Rope Cursor,90,6,0,12,1754,0
5555,Rope Cursor,90,6,0,13,1459,0
5555,Rope Cursor,90,6,0,14,1438,0
5555,Rope Cursor,90,18,1,0,2139,0
5555,Rope Cursor,90,18,1,1,1206,0
5555,Rope Cursor,90,18,1,2,831,0
5555,Rope Cursor,90,18,1,3,980,0
5555,Rope Cursor,90,18,1,4,1065,0
5555,Rope Cursor,90,18,1,5,1029,0
5555,Rope Cursor,90,18,1,6,1015,0
5555,Rope Cursor,90,18,1,7,1135,0
5555,Rope Cursor,90,18,1,8,951,0
5555,Rope Cursor,90,18,1,9,1184,0
5555,Rope Cursor,90,18,1,10,980,0
5555,Rope Cursor,90,18,1,11,882,0
5555,Rope Cursor,90,18,1,12,1924,2
5555,Rope Cursor,90,18,1,13,1439,0
5555,Rope Cursor,90,18,1,14,1162,0
5555,Rope Cursor,90,18,0,0,856,0
5555,Rope Cursor,90,18,0,1,1058,0
5555,Rope Cursor,90,18,0,2,698,0
5555,Rope Cursor,90,18,0,3,867,0
5555,Rope Cursor,90,18,0,4,953,0
5555,Rope Cursor,90,18,0,5,1000,0
5555,Rope Cursor,90,18,0,6,1037,0
5555,Rope Cursor,90,18,0,7,929,0
5555,Rope Cursor,90,18,0,8,1107,0
5555,Rope Cursor,90,18,0,9,1410,1
5555,Rope Cursor,90,18,0,10,860,0
5555,Rope Cursor,90,18,0,11,995,0
5555,Rope Cursor,90,18,0,12,1071,0
5555,Rope Cursor,90,18,0,13,959,0
5555,Rope Cursor,90,18,0,14,866,0
5555,Normal Cursor,90,18,0,0,1655,0
5555,Normal Cursor,90,18,0,1,2122,1
5555,Normal Cursor,90,18,0,2,1015,0
5555,Normal Cursor,90,18,0,3,1170,0
5555,Normal Cursor,90,18,0,4,1515,0
5555,Normal Cursor,90,18,0,5,1242,0
5555,Normal Cursor,90,18,0,6,1290,0
5555,Normal Cursor,90,18,0,7,1148,0
5555,Normal Cursor,90,18,0,8,1347,0
5555,Normal Cursor,90,18,0,9,944,0
5555,Normal Cursor,90,18,0,10,1071,0
5555,Normal Cursor,90,18,0,11,1248,0
5555,Normal Cursor,90,18,0,12,987,0
5555,Normal Cursor,90,18,0,13,1078,0
5555,Bubble Cursor,90,6,1,0,2114,0
5555,Bubble Cursor,90,6,1,1,1240,0
5555,Bubble Cursor,90,6,1,2,1474,0
5555,Bubble Cursor,90,6,1,3,1037,0
5555,Bubble Cursor,90,6,1,4,2128,0
5555,Bubble Cursor,90,6,1,5,2482,0
5555,Bubble Cursor,90,6,1,6,2326,0
5555,Bubble Cursor,90,6,1,7,1192,0
5555,Bubble Cursor,90,6,1,8,2023,0
5555,Bubble Cursor,90,6,1,9,4238,0
5555,Bubble Cursor,90,6,1,10,1085,0
5555,Bubble Cursor,90,6,1,11,2073,0
5555,Bubble Cursor,90,6,1,12,1615,0
5555,Bubble Cursor,90,6,1,13,1396,0
5555,Bubble Cursor,90,6,1,14,1458,0
5555,Bubble Cursor,90,18,1,0,1125,0
5555,Bubble Cursor,90,18,1,1,1051,0
5555,Bubble Cursor,90,18,1,2,1205,0
5555,Bubble Cursor,90,18,1,3,910,0
5555,Bubble Cursor,90,18,1,4,1099,0
5555,Bubble Cursor,90,18,1,5,1017,0
5555,Bubble Cursor,90,18,1,6,1084,0
5555,Bubble Cursor,90,18,1,7,1079,0
5555,Bubble Cursor,90,18,1,8,980,0
5555,Bubble Cursor,90,18,1,9,1340,0
5555,Bubble Cursor,90,18,1,10,931,0
5555,Bubble Cursor,90,18,1,11,923,0
5555,Bubble Cursor,90,18,1,12,1008,0
5555,Bubble Cursor,90,18,1,13,810,0
5555,Bubble Cursor,90,18,1,14,1043,0
5555,Normal Cursor,60,6,0,0,1470,0
5555,Normal Cursor,60,6,0,1,1721,0
5555,Normal Cursor,60,6,0,2,2862,0
5555,Normal Cursor,60,6,0,3,2242,0
5555,Normal Cursor,60,6,0,4,2713,0
5555,Normal Cursor,60,6,0,5,4970,0
5555,Normal Cursor,60,6,0,6,1847,0
5555,Normal Cursor,60,6,0,7,2750,0
5555,Normal Cursor,60,6,0,8,1340,0
5555,Normal Cursor,60,6,0,9,1501,0
5555,Normal Cursor,60,6,0,10,2411,1
5555,Normal Cursor,60,6,0,11,2165,0
5555,Normal Cursor,60,6,0,12,1903,0
5555,Normal Cursor,60,6,0,13,1749,0
5555,Normal Cursor,90,12,1,0,3060,0
5555,Normal Cursor,90,12,1,1,1522,0
5555,Normal Cursor,90,12,1,2,1798,0
5555,Normal Cursor,90,12,1,3,1375,0
5555,Normal Cursor,90,12,1,4,1726,0
5555,Normal Cursor,90,12,1,5,1234,0
5555,Normal Cursor,90,12,1,6,1403,0
5555,Normal Cursor,90,12,1,7,1396,0
5555,Normal Cursor,90,12,1,8,1163,0
5555,Normal Cursor,90,12,1,9,1368,0
5555,Normal Cursor,90,12,1,10,1254,0
5555,Normal Cursor,90,12,1,11,1777,1
5555,Normal Cursor,90,12,1,12,1206,0
5555,Normal Cursor,90,12,1,13,1544,0
123,Normal Cursor,90,12,1,0,3696,0
123,Normal Cursor,90,12,1,1,2770,0
123,Normal Cursor,90,12,1,2,7775,4
123,Normal Cursor,90,12,1,3,3024,1
123,Normal Cursor,90,12,1,4,409,0
123,Normal Cursor,90,12,1,5,254,0
123,Normal Cursor,90,12,1,6,234,0
123,Normal Cursor,90,12,1,7,197,0
123,Normal Cursor,90,12,1,8,189,0
123,Normal Cursor,90,12,1,9,198,0
123,Normal Cursor,90,12,1,10,183,0
123,Normal Cursor,90,12,1,11,191,0
123,Normal Cursor,90,12,1,12,169,0
123,Normal Cursor,90,12,1,13,183,0
123,Normal Cursor,90,12,1,14,177,0
123,Normal Cursor,60,12,0,0,2074,2
123,Normal Cursor,60,12,0,1,1982,1
8888,Normal Cursor,90,6,0,0,2825,0
8888,Normal Cursor,90,6,0,1,2325,0
8888,Normal Cursor,90,6,0,2,3370,0
8888,Normal Cursor,90,6,0,3,3066,1
8888,Normal Cursor,90,6,0,4,3258,0
8888,Normal Cursor,90,6,0,5,1754,0
8888,Normal Cursor,90,6,0,6,3574,1
8888,Normal Cursor,90,6,0,7,1699,0
8888,Normal Cursor,90,6,0,8,1692,0
8888,Normal Cursor,90,6,0,9,1608,0
8888,Normal Cursor,90,6,0,10,2531,0
8888,Normal Cursor,90,6,0,11,2199,1
8888,Normal Cursor,90,6,0,12,2178,0
8888,Normal Cursor,90,6,0,13,1241,0
8888,Normal Cursor,30,18,1,0,2278,1
8888,Normal Cursor,30,18,1,1,1071,0
8888,Normal Cursor,30,18,1,2,1002,0
8888,Normal Cursor,30,18,1,3,1219,0
8888,Normal Cursor,30,18,1,4,1050,0
8888,Normal Cursor,30,18,1,5,1269,0
8888,Normal Cursor,30,18,1,6,1079,0
8888,Normal Cursor,30,18,1,7,1699,0
8888,Normal Cursor,30,18,1,8,1085,0
8888,Normal Cursor,30,18,1,9,1163,0
8888,Normal Cursor,30,18,1,10,1155,0
8888,Normal Cursor,30,18,1,11,995,0
8888,Normal Cursor,30,18,1,12,952,0
8888,Normal Cursor,30,18,1,13,2080,1
5454,Normal Cursor,90,12,0,0,2774,0
5454,Normal Cursor,90,12,0,1,1495,0
5454,Normal Cursor,90,12,0,2,1431,0
5454,Normal Cursor,90,12,0,3,1402,0
5454,Normal Cursor,90,12,0,4,1368,0
5454,Normal Cursor,90,12,0,5,1459,0
5454,Normal Cursor,90,12,0,6,1276,0
5454,Normal Cursor,90,12,0,7,1029,0
5454,Normal Cursor,90,12,0,8,1995,1
5454,Normal Cursor,90,12,0,9,1411,0
5454,Normal Cursor,90,12,0,10,1310,0
5454,Normal Cursor,90,12,0,11,1270,0
5454,Normal Cursor,90,12,0,12,1332,0
5454,Normal Cursor,90,12,0,13,1325,0
888,Normal Cursor,30,18,1,0,2704,0
888,Normal Cursor,30,18,1,1,1966,1
65656,Normal Cursor,30,12,1,0,2408,0
65656,Normal Cursor,30,12,1,1,3060,1
65656,Normal Cursor,30,12,1,2,1199,0
65656,Normal Cursor,30,12,1,3,1769,0
65656,Normal Cursor,30,12,1,4,1376,0
65656,Normal Cursor,30,12,1,5,1184,0
65656,Normal Cursor,30,12,1,6,1241,0
65656,Normal Cursor,30,12,1,7,1466,0
65656,Normal Cursor,30,12,1,8,1325,0
65656,Normal Cursor,30,12,1,9,1270,0
65656,Normal Cursor,30,12,1,10,1768,1
65656,Normal Cursor,30,12,1,11,1136,0
65656,Normal Cursor,30,12,1,12,1220,0
65656,Normal Cursor,30,12,1,13,1614,0
999,Normal Cursor,90,6,0,0,8385,2
999,Normal Cursor,90,6,0,1,1832,0
999,Normal Cursor,90,6,0,2,7185,0
8888,Normal Cursor,60,6,0,0,4257,1
8888,Normal Cursor,60,6,0,1,1790,0
6565,Normal Cursor,30,18,1,0,2412,0
6565,Normal Cursor,30,18,1,1,1129,0
6565,Normal Cursor,30,18,1,2,1199,0
